しきい値,,,1,名詞,一般,*,*,*,*,しきい値,シキイチ,シキイチ
アイコン,,,1,名詞,一般,*,*,*,*,アイコン,アイコン,
アウトバウンド,,,1,名詞,一般,*,*,*,*,アウトバウンド,アウトバウンド,
アウトブレーク,,,1,名詞,一般,*,*,*,*,アウトブレーク,アウトブレーク,
アクティビティ,,,1,名詞,一般,*,*,*,*,アクティビティ,アクティビティ,
アクティブ,,,1,名詞,一般,*,*,*,*,アクティブ,アクティブ,
アクティベーション,,,1,名詞,一般,*,*,*,*,アクティベーション,アクティベーション,アクティベーション
アシスタント,,,1,名詞,一般,*,*,*,*,アシスタント,アシスタント,
アダプタ,,,1,名詞,一般,*,*,*,*,アダプタ,アダプタ,
アップグレード,,,1,名詞,一般,*,*,*,*,アップグレード,アップグレード,
アップロード,,,1,名詞,一般,*,*,*,*,アップロード,アップロード,
アドイン,,,1,名詞,一般,*,*,*,*,アドイン,アドイン,
アドウェア,,,1,名詞,一般,*,*,*,*,アドウェア,アドウェア,
アドオン,,,1,名詞,一般,*,*,*,*,アドオン,アドオン,アドオン
アドレス,,,1,名詞,一般,*,*,*,*,アドレス,アドレス,アドレス
アビリティ,,,1,名詞,一般,*,*,*,*,アビリティ,アビリティ,
アプライアンス,,,1,名詞,一般,*,*,*,*,アプライアンス,アプライアンス,
アプレット,,,1,名詞,一般,*,*,*,*,アプレット,アプレット,
アラート,,,1,名詞,一般,*,*,*,*,アラート,アラート,
アレイ,,,1,名詞,一般,*,*,*,*,アレイ,アレイ,
アロケータ,,,1,名詞,一般,*,*,*,*,アロケータ,アロケータ,アロケータ
アンインストール,,,1,名詞,一般,*,*,*,*,アンインストール,アンインストール,
アンダースコア,,,1,名詞,一般,*,*,*,*,アンダースコア,アンダースコア,
アンマーシャリング,,,1,名詞,一般,*,*,*,*,アンマーシャリング,アンマーシャリング,
アーカイバ,,,1,名詞,一般,*,*,*,*,アーカイバ,アーカイバ,
アーカイブ,,,1,名詞,一般,*,*,*,*,アーカイブ,アーカイブ,
イベント,,,1,名詞,一般,*,*,*,*,イベント,イベント,
イメージング,,,1,名詞,一般,*,*,*,*,イメージング,イメージング,
インクルード,,,1,名詞,一般,*,*,*,*,インクルード,インクルード,
インサイト,,,1,名詞,一般,*,*,*,*,インサイト,インサイト,
インスタンス,,,1,名詞,一般,*,*,*,*,インスタンス,インスタンス,
インスタント,,,1,名詞,一般,*,*,*,*,インスタント,インスタント,
インストーラ,,,1,名詞,一般,*,*,*,*,インストーラ,インストーラ,
インストーラー,,,1,名詞,一般,*,*,*,*,インストーラー,インストーラー,
インストール,,,1,名詞,一般,*,*,*,*,インストール,インストール,
インスペクション,,,1,名詞,一般,*,*,*,*,インスペクション,インスペクション,
インターネット,,,1,名詞,一般,*,*,*,*,インターネット,インターネット,
インターフェース,,,1,名詞,一般,*,*,*,*,インターフェース,インターフェース,
インターレース,,,1,名詞,一般,*,*,*,*,インターレース,インターレース,インターレース
インテグリティ,,,1,名詞,一般,*,*,*,*,インテグリティ,インテグリティ,
インテグレーター,,,1,名詞,一般,*,*,*,*,インテグレーター,インテグレーター,
インデクサ,,,1,名詞,一般,*,*,*,*,インデクサ,インデクサ,インデクサ
イントラネット,,,1,名詞,一般,*,*,*,*,イントラネット,イントラネット,
インバウンド,,,1,名詞,一般,*,*,*,*,インバウンド,インバウンド,
インフォメーション,,,1,名詞,一般,*,*,*,*,インフォメーション,インフォメーション,
インフラストラクチャ,,,1,名詞,一般,*,*,*,*,インフラストラクチャ,インフラストラクチャ,
インベントリ,,,1,名詞,一般,*,*,*,*,インベントリ,インベントリ,
インポータ,,,1,名詞,一般,*,*,*,*,インポータ,インポータ,インポータ
インポート,,,1,名詞,一般,*,*,*,*,インポート,インポート,
インライン,,,1,名詞,一般,*,*,*,*,インライン,インライン,インライン
イーサネット,,,1,名詞,一般,*,*,*,*,イーサネット,イーサネット,
ウィザード,,,1,名詞,一般,*,*,*,*,ウィザード,ウィザード,
ウェブ,,,1,名詞,一般,*,*,*,*,ウェブ,ウェブ,ウェブ
エイリアス,,,1,名詞,一般,*,*,*,*,エイリアス,エイリアス,エイリアス
エクスクルード,,,1,名詞,一般,*,*,*,*,エクスクルード,エクスクルード,
エクステント,,,1,名詞,一般,*,*,*,*,エクステント,エクステント,エクステント
エクストラクタ,,,1,名詞,一般,*,*,*,*,エクストラクタ,エクストラクタ,エクストラクタ
エクスプローラ,,,1,名詞,一般,*,*,*,*,エクスプローラ,エクスプローラ,
エクスプローラー,,,1,名詞,一般,*,*,*,*,エクスプローラー,エクスプローラー,エクスプローラー
エクスペリエンス,,,1,名詞,一般,*,*,*,*,エクスペリエンス,エクスペリエンス,
エクスポート,,,1,名詞,一般,*,*,*,*,エクスポート,エクスポート,
エクセル,,,1,名詞,一般,*,*,*,*,エクセル,エクセル,エクセル
エディタ,,,1,名詞,一般,*,*,*,*,エディタ,エディタ,エディタ
エフェメラル,,,1,名詞,一般,*,*,*,*,エフェメラル,エフェメラル,エフェメラル
エラー,,,1,名詞,一般,*,*,*,*,エラー,エラー,
エンコーディング,,,1,名詞,一般,*,*,*,*,エンコーディング,エンコーディング,エンコーディング
エンコード,,,1,名詞,一般,*,*,*,*,エンコード,エンコード,エンコード
エンタープライズ,,,1,名詞,一般,*,*,*,*,エンタープライズ,エンタープライズ,
エンティティ,,,1,名詞,一般,*,*,*,*,エンティティ,エンティティ,
エンドポイント,,,1,名詞,一般,*,*,*,*,エンドポイント,エンドポイント,
エンドユーザー,,,1,名詞,一般,*,*,*,*,エンドユーザー,エンドユーザー,
エンハンスメント,,,1,名詞,一般,*,*,*,*,エンハンスメント,エンハンスメント,
エンフォーサ,,,1,名詞,一般,*,*,*,*,エンフォーサ,エンフォーサ,
エンフォースメント,,,1,名詞,一般,*,*,*,*,エンフォースメント,エンフォースメント,
エンベロープ,,,1,名詞,一般,*,*,*,*,エンベロープ,エンベロープ,
オフ,,,1,名詞,一般,*,*,*,*,オフ,オフ,
オフライン,,,1,名詞,一般,*,*,*,*,オフライン,オフライン,
オブジェクト,,,1,名詞,一般,*,*,*,*,オブジェクト,オブジェクト,
オプション,,,1,名詞,一般,*,*,*,*,オプション,オプション,
オペレーティング,,,1,名詞,一般,*,*,*,*,オペレーティング,オペレーティング,
オンデマンド,,,1,名詞,一般,*,*,*,*,オンデマンド,オンデマンド,
オンライン,,,1,名詞,一般,*,*,*,*,オンライン,オンライン,
オーソリティ,,,1,名詞,一般,*,*,*,*,オーソリティ,オーソリティ,
オーバーフロー,,,1,名詞,一般,*,*,*,*,オーバーフロー,オーバーフロー,
オープン,,,1,名詞,一般,*,*,*,*,オープン,オープン,
カスタマケア,,,1,名詞,一般,*,*,*,*,カスタマケア,カスタマケア,
カスタマー,,,1,名詞,一般,*,*,*,*,カスタマー,カスタマー,
カスタム,,,1,名詞,一般,*,*,*,*,カスタム,カスタム,
カタログ,,,1,名詞,一般,*,*,*,*,カタログ,カタログ,カタログ
カリキュレータ,,,1,名詞,一般,*,*,*,*,カリキュレータ,カリキュレータ,
カートリッジ,,,1,名詞,一般,*,*,*,*,カートリッジ,カートリッジ,
カード,,,1,名詞,一般,*,*,*,*,カード,カード,
カーネル,,,1,名詞,一般,*,*,*,*,カーネル,カーネル,カーネル
ガーベジ,,,1,名詞,一般,*,*,*,*,ガーベジ,ガーベジ,
キャッシュ,,,1,名詞,一般,*,*,*,*,キャッシュ,キャッシュ,
キャプチャ,,,1,名詞,一般,*,*,*,*,キャプチャ,キャプチャ,キャプチャ
キュー,,,1,名詞,一般,*,*,*,*,キュー,キュー,キュー
キーストア,,,1,名詞,一般,*,*,*,*,キーストア,キーストア,キーストア
キープアライブ,,,1,名詞,一般,*,*,*,*,キープアライブ,キープアライブ,キープアライブ
キーロガー,,,1,名詞,一般,*,*,*,*,キーロガー,キーロガー,
クイック,,,1,名詞,一般,*,*,*,*,クイック,クイック,
クエリー,,,1,名詞,一般,*,*,*,*,クエリー,クエリー,クエリー
クォータ,,,1,名詞,一般,*,*,*,*,クォータ,クォータ,クォータ
クライアント,,,1,名詞,一般,*,*,*,*,クラウド,クラウド,クラウド
クラウド,,,1,名詞,一般,*,*,*,*,クラスタ,クラスタ,
クラスタ,,,1,名詞,一般,*,*,*,*,クラスタ,クラスタ,
クレデンシャル,,,1,名詞,一般,*,*,*,*,クレデンシャル,クレデンシャル,
クローン,,,1,名詞,一般,*,*,*,*,クローン,クローン,
グループウェア,,,1,名詞,一般,*,*,*,*,グループウェア,グループウェア,
グローバル,,,1,名詞,一般,*,*,*,*,グローバル,グローバル,
ゲスト,,,1,名詞,一般,*,*,*,*,ゲスト,ゲスト,
ゲートウェイ,,,1,名詞,一般,*,*,*,*,ゲートウェイ,ゲートウェイ,
コネクタ,,,1,名詞,一般,*,*,*,*,コネクタ,コネクタ,コネクタ
コピーオンライト,,,1,名詞,一般,*,*,*,*,コピーオンライト,コピーオンライト,
コマンドライン,,,1,名詞,一般,*,*,*,*,コマンドライン,コマンドライン,
コンカチネイテッド,,,1,名詞,一般,*,*,*,*,コンカチネイテッド,コンカチネイテッド,コンカチネイテッド
コンソール,,,1,名詞,一般,*,*,*,*,コンソール,コンソール,
コンテキスト,,,1,名詞,一般,*,*,*,*,コンテキスト,コンテキスト,
コンテンツ,,,1,名詞,一般,*,*,*,*,コンテンツ,コンテンツ,
コンピュータ,,,1,名詞,一般,*,*,*,*,コンピュータ,コンピュータ,
コンピューティング,,,1,名詞,一般,*,*,*,*,コンピューティング,コンピューティング,
コンプライアンス,,,1,名詞,一般,*,*,*,*,コンプライアンス,コンプライアンス,
コンポジット,,,1,名詞,一般,*,*,*,*,コンポジット,コンポジット,コンポジット
コンポーネント,,,1,名詞,一般,*,*,*,*,コンポーネント,コンポーネント,
コードページ,,,1,名詞,一般,*,*,*,*,コードページ,コードページ,コードページ
コール,,,1,名詞,一般,*,*,*,*,コール,コール,コール
サイト,,,1,名詞,一般,*,*,*,*,サイト,サイト,
サイド,,,1,名詞,一般,*,*,*,*,サイド,サイド,サイド
サインオン,,,1,名詞,一般,*,*,*,*,サインオン,サインオン,サインオン
サフィックス,,,1,名詞,一般,*,*,*,*,サフィックス,サフィックス,サフィックス
サブカテゴリ,,,1,名詞,一般,*,*,*,*,サブカテゴリ,サブカテゴリ,サブカテゴリ
サブグループ,,,1,名詞,一般,*,*,*,*,サブグループ,サブグループ,サブグループ
サブネット,,,1,名詞,一般,*,*,*,*,サブネット,サブネット,
サブレベル,,,1,名詞,一般,*,*,*,*,サブレベル,サブレベル,サブレベル
サプライヤ,,,1,名詞,一般,*,*,*,*,サプライヤ,サプライヤ,
サプリカント,,,1,名詞,一般,*,*,*,*,サプリカント,サプリカント,サプリカント
サンプル,,,1,名詞,一般,*,*,*,*,サンプル,サンプル,
サードパーティ,,,1,名詞,一般,*,*,*,*,サードパーティ,サードパーティ,
サードパーティー,,,1,名詞,一般,*,*,*,*,サードパーティー,サードパーティー,サードパーティー
サーバー,,,1,名詞,一般,*,*,*,*,サーバー,サーバー,
シグニチャ,,,1,名詞,一般,*,*,*,*,シグニチャ,シグニチャ,シグニチャ
シグネチャ,,,1,名詞,一般,*,*,*,*,シグネチャ,シグネチャ,
シマンテック,,,1,名詞,一般,*,*,*,*,シマンテック,シマンテック,
シャットダウン,,,1,名詞,一般,*,*,*,*,シャットダウン,シャットダウン,
シャドウ,,,1,名詞,一般,*,*,*,*,シャドウ,シャドウ,
シャロー,,,1,名詞,一般,*,*,*,*,シャロー,シャロー,シャロー
シンボリック,,,1,名詞,一般,*,*,*,*,シンボリック,シンボリック,
シークレット,,,1,名詞,一般,*,*,*,*,シークレット,シークレット,
ジェネレータ,,,1,名詞,一般,*,*,*,*,ジェネレータ,ジェネレータ,ジェネレータ
ジオメトリ,,,1,名詞,一般,*,*,*,*,ジオメトリ,ジオメトリ,ジオメトリ
ジャンクション,,,1,名詞,一般,*,*,*,*,ジャンクション,ジャンクション,ジャンクション
ジャーナリング,,,1,名詞,一般,*,*,*,*,ジャーナリング,ジャーナリング,
ジャーナル,,,1,名詞,一般,*,*,*,*,ジャーナル,ジャーナル,
ジョブ,,,1,名詞,一般,*,*,*,*,ジョブ,ジョブ,
スイート,,,1,名詞,一般,*,*,*,*,スイート,スイート,スイート
スイープ,,,1,名詞,一般,*,*,*,*,スイープ,スイープ,スイープ
スキャニング,,,1,名詞,一般,*,*,*,*,スキャニング,スキャニング,
スキャン,,,1,名詞,一般,*,*,*,*,スキャン,スキャン,
スキーマ,,,1,名詞,一般,*,*,*,*,スキーマ,スキーマ,
スクラッチ,,,1,名詞,一般,*,*,*,*,スクラッチ,スクラッチ,スクラッチ
スクリプト,,,1,名詞,一般,*,*,*,*,スクリプト,スクリプト,
スクリーン,,,1,名詞,一般,*,*,*,*,スクリーン,スクリーン,
スケジューラ,,,1,名詞,一般,*,*,*,*,スケジューラ,スケジューラ,スケジューラ
スケーラブル,,,1,名詞,一般,*,*,*,*,スケーラブル,スケーラブル,
スタンドアロン,,,1,名詞,一般,*,*,*,*,スタンドアロン,スタンドアロン,
スタンバイ,,,1,名詞,一般,*,*,*,*,スタンバイ,スタンバイ,
ステルス,,,1,名詞,一般,*,*,*,*,ステルス,ステルス,ステルス
ステートフル,,,1,名詞,一般,*,*,*,*,ステートフル,ステートフル,
ステートレス,,,1,名詞,一般,*,*,*,*,ステートレス,ステートレス,ステートレス
ストアド,,,1,名詞,一般,*,*,*,*,ストアド,ストアド,
ストラップ,,,1,名詞,一般,*,*,*,*,ストラップ,ストラップ,ストラップ
ストリーム,,,1,名詞,一般,*,*,*,*,ストリーム,ストリーム,
ストレージ,,,1,名詞,一般,*,*,*,*,ストレージ,ストレージ,
スナップ,,,1,名詞,一般,*,*,*,*,スナップ,スナップ,スナップ
スナップイン,,,1,名詞,一般,*,*,*,*,スナップイン,スナップイン,スナップイン
スナップショット,,,1,名詞,一般,*,*,*,*,スナップショット,スナップショット,
スパイウェア,,,1,名詞,一般,*,*,*,*,スパイウェア,スパイウェア,
スパース,,,1,名詞,一般,*,*,*,*,スパース,スパース,スパース
スプレッドシート,,,1,名詞,一般,*,*,*,*,スプレッドシート,スプレッドシート,
スペア,,,1,名詞,一般,*,*,*,*,スペア,スペア,
スリープ,,,1,名詞,一般,*,*,*,*,スリープ,スリープ,スリープ
スレット,,,1,名詞,一般,*,*,*,*,スレット,スレット,スレット
スレッド,,,1,名詞,一般,*,*,*,*,スレッド,スレッド,
スワップ,,,1,名詞,一般,*,*,*,*,スワップ,スワップ,スワップ
スーパーブロック,,,1,名詞,一般,*,*,*,*,スーパーブロック,スーパーブロック,
セカンダリ,,,1,名詞,一般,*,*,*,*,セカンダリ,セカンダリ,
セキュア,,,1,名詞,一般,*,*,*,*,セキュア,セキュア,
セキュリティ,,,1,名詞,一般,*,*,*,*,セキュリティ,セキュリティ,
セクタ,,,1,名詞,一般,*,*,*,*,セクタ,セクタ,セクタ
セーバー,,,1,名詞,一般,*,*,*,*,セーバー,セーバー,
ソフトウェア,,,1,名詞,一般,*,*,*,*,ソフトウェア,ソフトウェア,
ソリューション,,,1,名詞,一般,*,*,*,*,ソリューション,ソリューション,
ソース,,,1,名詞,一般,*,*,*,*,ソース,ソース,
ソースコード,,,1,名詞,一般,*,*,*,*,ソースコード,ソースコード,
ゾンビ,,,1,名詞,一般,*,*,*,*,ゾンビ,ゾンビ,ゾンビ
タイムアウト,,,1,名詞,一般,*,*,*,*,タイムアウト,タイムアウト,
タイムゾーン,,,1,名詞,一般,*,*,*,*,タイムゾーン,タイムゾーン,
ターゲット,,,1,名詞,一般,*,*,*,*,ターゲット,ターゲット,
ダイアログ,,,1,名詞,一般,*,*,*,*,ダイアログ,ダイアログ,
ダイナミック,,,1,名詞,一般,*,*,*,*,ダイナミック,ダイナミック,
ダイレクト,,,1,名詞,一般,*,*,*,*,ダイレクト,ダイレクト,ダイレクト
ダウンローダ,,,1,名詞,一般,*,*,*,*,ダウンローダ,ダウンローダ,ダウンローダ
ダッシュボード,,,1,名詞,一般,*,*,*,*,ダッシュボード,ダッシュボード,
ダンパー,,,1,名詞,一般,*,*,*,*,ダンパー,ダンパー,ダンパー
ダンプ,,,1,名詞,一般,*,*,*,*,ダンプ,ダンプ,
チェックサム,,,1,名詞,一般,*,*,*,*,チェックサム,チェックサム,
チェックボックス,,,1,名詞,一般,*,*,*,*,チェックボックス,チェックボックス,
チェックポイント,,,1,名詞,一般,*,*,*,*,チェックポイント,チェックポイント,
ツイニング,,,1,名詞,一般,*,*,*,*,ツイニング,ツイニング,ツイニング
ツリー,,,1,名詞,一般,*,*,*,*,ツリー,ツリー,
ツールバー,,,1,名詞,一般,*,*,*,*,ツールバー,ツールバー,
テキスト,,,1,名詞,一般,*,*,*,*,テキスト,テキスト,
テクニカル,,,1,名詞,一般,*,*,*,*,テクニカル,テクニカル,
テクノロジ,,,1,名詞,一般,*,*,*,*,テクノロジ,テクノロジ,テクノロジ
ディザスタ,,,1,名詞,一般,*,*,*,*,ディザスタ,ディザスタ,
ディザスター,,,1,名詞,一般,*,*,*,*,ディザスター,ディザスター,
ディスク,,,1,名詞,一般,*,*,*,*,ディスク,ディスク,
ディスマウント,,,1,名詞,一般,*,*,*,*,ディスマウント,ディスマウント,ディスマウント
ディレクトリ,,,1,名詞,一般,*,*,*,*,ディレクトリ,ディレクトリ,
デグレード,,,1,名詞,一般,*,*,*,*,デグレード,デグレード,デグレード
デコード,,,1,名詞,一般,*,*,*,*,デコード,デコード,デコード
デスクトップ,,,1,名詞,一般,*,*,*,*,デスクトップ,デスクトップ,
デバイス,,,1,名詞,一般,*,*,*,*,デバイス,デバイス,
デバッグ,,,1,名詞,一般,*,*,*,*,デバッグ,デバッグ,デバッグ
デフォルト,,,1,名詞,一般,*,*,*,*,デフォルト,デフォルト,
データストア,,,1,名詞,一般,*,*,*,*,データストア,データストア,
データベース,,,1,名詞,一般,*,*,*,*,データベース,データベース,
トポロジ,,,1,名詞,一般,*,*,*,*,トポロジ,トポロジ,トポロジ
トラフィック,,,1,名詞,一般,*,*,*,*,トラフィック,トラフィック,
トラブルシューティング,,,1,名詞,一般,*,*,*,*,トラブルシューティング,トラブルシューティング,
トランキング,,,1,名詞,一般,*,*,*,*,トランキング,トランキング,トランキング
トランザクション,,,1,名詞,一般,*,*,*,*,トランザクション,トランザクション,
トレーラ,,,1,名詞,一般,*,*,*,*,トレーラ,トレーラ,トレーラ
トークン,,,1,名詞,一般,*,*,*,*,トークン,トークン,トークン
トークンリング,,,1,名詞,一般,*,*,*,*,トークンリング,トークンリング,トークンリング
ドライバ,,,1,名詞,一般,*,*,*,*,ドライバ,ドライバ,
ドライブバイ,,,1,名詞,一般,*,*,*,*,ドライブバイ,ドライブバイ,
ドリブン,,,1,名詞,一般,*,*,*,*,ドリブン,ドリブン,
ドロップダウン,,,1,名詞,一般,*,*,*,*,ドロップダウン,ドロップダウン,
ナビゲーション,,,1,名詞,一般,*,*,*,*,ナビゲーション,ナビゲーション,
ナレッジベース,,,1,名詞,一般,*,*,*,*,ナレッジベース,ナレッジベース,
ネットワーキング,,,1,名詞,一般,*,*,*,*,ネットワーキング,ネットワーキング,
ネットワーク,,,1,名詞,一般,*,*,*,*,ネットワーク,ネットワーク,
ネットワークベース,,,1,名詞,一般,*,*,*,*,ネットワークベース,ネットワークベース,
ネーティブ,,,1,名詞,一般,*,*,*,*,ネーティブ,ネーティブ,
ノード,,,1,名詞,一般,*,*,*,*,ノード,ノード,
ハイパー,,,1,名詞,一般,*,*,*,*,ハイパー,ハイパー,ハイパー
ハイパーバイザ,,,1,名詞,一般,*,*,*,*,ハイパーバイザ,ハイパーバイザ,
ハイパーリンク,,,1,名詞,一般,*,*,*,*,ハイパーリンク,ハイパーリンク,
ハイブ,,,1,名詞,一般,*,*,*,*,ハイブ,ハイブ,ハイブ
ハングアップ,,,1,名詞,一般,*,*,*,*,ハングアップ,ハングアップ,ハングアップ
ハンドラ,,,1,名詞,一般,*,*,*,*,ハンドラ,ハンドラ,
ハートビート,,,1,名詞,一般,*,*,*,*,ハートビート,ハートビート,ハートビート
ハードウェア,,,1,名詞,一般,*,*,*,*,ハードウェア,ハードウェア,
ハードディスク,,,1,名詞,一般,*,*,*,*,ハードディスク,ハードディスク,
バイト,,,1,名詞,一般,*,*,*,*,バイト,バイト,バイト
バイナリ,,,1,名詞,一般,*,*,*,*,バイナリ,バイナリ,
バインド,,,1,名詞,一般,*,*,*,*,バインド,バインド,バインド
バックアップ,,,1,名詞,一般,*,*,*,*,バックアップ,バックアップ,
バッファ,,,1,名詞,一般,*,*,*,*,バッファ,バッファ,
バナー,,,1,名詞,一般,*,*,*,*,バナー,バナー,バナー
パケット,,,1,名詞,一般,*,*,*,*,パケット,パケット,
パス,,,1,名詞,一般,*,*,*,*,パス,パス,
パッケージ,,,1,名詞,一般,*,*,*,*,パッケージ,パッケージ,
パッド,,,1,名詞,一般,*,*,*,*,パッド,パッド,
パブリッシャ,,,1,名詞,一般,*,*,*,*,パブリッシャ,パブリッシャ,
パラメータ,,,1,名詞,一般,*,*,*,*,パラメータ,パラメータ,
パーティション,,,1,名詞,一般,*,*,*,*,パーティション,パーティション,
パートナー,,,1,名詞,一般,*,*,*,*,パートナー,パートナー,
パーミッション,,,1,名詞,一般,*,*,*,*,パーミッション,パーミッション,
ヒューリスティック,,,1,名詞,一般,*,*,*,*,ヒューリスティック,ヒューリスティック,
ビットマップ,,,1,名詞,一般,*,*,*,*,ビットマップ,ビットマップ,
ビュー,,,1,名詞,一般,*,*,*,*,ビュー,ビュー,ビュー
ビューア,,,1,名詞,一般,*,*,*,*,ビューア,ビューア,ビューア
ビルダー,,,1,名詞,一般,*,*,*,*,ビルダー,ビルダー,
ビルド,,,1,名詞,一般,*,*,*,*,ビルド,ビルド,ビルド
ピア,,,1,名詞,一般,*,*,*,*,ピア,ピア,ピア
ピアツーピア,,,1,名詞,一般,*,*,*,*,ピアツーピア,ピアツーピア,
ファイアウォール,,,1,名詞,一般,*,*,*,*,ファイアウォール,ファイアウォール,
ファイバー,,,1,名詞,一般,*,*,*,*,ファイバー,ファイバー,
ファイラ,,,1,名詞,一般,*,*,*,*,ファイラ,ファイラ,ファイラ
ファイル,,,1,名詞,一般,*,*,*,*,ファイル,ファイル,
ファーム,,,1,名詞,一般,*,*,*,*,ファーム,ファーム,
フィルタ,,,1,名詞,一般,*,*,*,*,フィルタ,フィルタ,
フィルタリング,,,1,名詞,一般,*,*,*,*,フィルタリング,フィルタリング,フィルタリング
フィンガープリント,,,1,名詞,一般,*,*,*,*,フィンガープリント,フィンガープリント,
フェッチ,,,1,名詞,一般,*,*,*,*,フェッチ,フェッチ,
フェールオーバー,,,1,名詞,一般,*,*,*,*,フェールオーバー,フェールオーバー,
フォルダ,,,1,名詞,一般,*,*,*,*,フォルダ,フォルダ,
フォルト,,,1,名詞,一般,*,*,*,*,フォルト,フォルト,
フッター,,,1,名詞,一般,*,*,*,*,フッター,フッター,フッター
フラグメント,,,1,名詞,一般,*,*,*,*,フラグメント,フラグメント,
フルテキスト,,,1,名詞,一般,*,*,*,*,フルテキスト,フルテキスト,
フレームワーク,,,1,名詞,一般,*,*,*,*,フレームワーク,フレームワーク,
フロッピー,,,1,名詞,一般,*,*,*,*,フロッピー,フロッピー,フロッピー
ブラウザ,,,1,名詞,一般,*,*,*,*,ブラウザ,ブラウザ,
ブラウズ,,,1,名詞,一般,*,*,*,*,ブラウズ,ブラウズ,
ブロッカ,,,1,名詞,一般,*,*,*,*,ブロッカ,ブロッカ,ブロッカ
ブロードバンド,,,1,名詞,一般,*,*,*,*,ブロードバンド,ブロードバンド,
ブート,,,1,名詞,一般,*,*,*,*,ブート,ブート,
プライマリ,,,1,名詞,一般,*,*,*,*,プライマリ,プライマリ,
プラクティス,,,1,名詞,一般,*,*,*,*,プラクティス,プラクティス,プラクティス
プラグアンドプレイ,,,1,名詞,一般,*,*,*,*,プラグアンドプレイ,プラグアンドプレイ,
プラグイン,,,1,名詞,一般,*,*,*,*,プラグイン,プラグイン,
プラチナム,,,1,名詞,一般,*,*,*,*,プラチナム,プラチナム,プラチナム
プラットフォーム,,,1,名詞,一般,*,*,*,*,プラットフォーム,プラットフォーム,
プリブート,,,1,名詞,一般,*,*,*,*,プリブート,プリブート,プリブート
プルダウン,,,1,名詞,一般,*,*,*,*,プルダウン,プルダウン,プルダウン
プルーニング,,,1,名詞,一般,*,*,*,*,プルーニング,プルーニング,
プレースホルダ,,,1,名詞,一般,*,*,*,*,プレースホルダ,プレースホルダ,
プロアクティブ,,,1,名詞,一般,*,*,*,*,プロアクティブ,プロアクティブ,
プロキシ,,,1,名詞,一般,*,*,*,*,プロキシ,プロキシ,
プログラマビリティ,,,1,名詞,一般,*,*,*,*,プログラマビリティ,プログラマビリティ,
プロシージャ,,,1,名詞,一般,*,*,*,*,プロシージャ,プロシージャ,
プロトコル,,,1,名詞,一般,*,*,*,*,プロトコル,プロトコル,
プロバイダ,,,1,名詞,一般,*,*,*,*,プロバイダ,プロバイダ,
プロパティ,,,1,名詞,一般,*,*,*,*,プロパティ,プロパティ,
プロビジョニング,,,1,名詞,一般,*,*,*,*,プロビジョニング,プロビジョニング,
プロファイル,,,1,名詞,一般,*,*,*,*,プロファイル,プロファイル,
プロポーショナル,,,1,名詞,一般,*,*,*,*,プロポーショナル,プロポーショナル,プロポーショナル
プロンプト,,,1,名詞,一般,*,*,*,*,プロンプト,プロンプト,
ヘッダー,,,1,名詞,一般,*,*,*,*,ヘッダー,ヘッダー,
ベンダー,,,1,名詞,一般,*,*,*,*,ベンダー,ベンダー,
ベース,,,1,名詞,一般,*,*,*,*,ベース,ベース,
ペイロード,,,1,名詞,一般,*,*,*,*,ペイロード,ペイロード,ペイロード
ホスト,,,1,名詞,一般,*,*,*,*,ホスト,ホスト,
ホット,,,1,名詞,一般,*,*,*,*,ホット,ホット,ホット
ホットスペア,,,1,名詞,一般,*,*,*,*,ホットスペア,ホットスペア,
ホワイトリスト,,,1,名詞,一般,*,*,*,*,ホワイトリスト,ホワイトリスト,
ボリューム,,,1,名詞,一般,*,*,*,*,ボリューム,ボリューム,
ボルト,,,1,名詞,一般,*,*,*,*,ボルト,ボルト,
ポップアップ,,,1,名詞,一般,*,*,*,*,ポップアップ,ポップアップ,
ポリシー,,,1,名詞,一般,*,*,*,*,ポリシー,ポリシー,
ポータル,,,1,名詞,一般,*,*,*,*,ポータル,ポータル,
マウント,,,1,名詞,一般,*,*,*,*,マウント,マウント,
マクロ,,,1,名詞,一般,*,*,*,*,マクロ,マクロ,マクロ
マスター,,,1,名詞,一般,*,*,*,*,マスター,マスター,
マネージ,,,1,名詞,一般,*,*,*,*,マネージ,マネージ,
マネージド,,,1,名詞,一般,*,*,*,*,マネージド,マネージド,
マネージャ,,,1,名詞,一般,*,*,*,*,マネージャ,マネージャ,
マルウェア,,,1,名詞,一般,*,*,*,*,マルウェア,マルウェア,マルウェア
マルチスレッド,,,1,名詞,一般,*,*,*,*,マルチスレッド,マルチスレッド,
マルチメディア,,,1,名詞,一般,*,*,*,*,マルチメディア,マルチメディア,
ミスリーディング,,,1,名詞,一般,*,*,*,*,ミスリーディング,ミスリーディング,
ムーバー,,,1,名詞,一般,*,*,*,*,ムーバー,ムーバー,
メイン,,,1,名詞,一般,*,*,*,*,メイン,メイン,
メソッド,,,1,名詞,一般,*,*,*,*,メソッド,メソッド,
メッセンジャ,,,1,名詞,一般,*,*,*,*,メッセンジャ,メッセンジャ,メッセンジャ
メッセンジャー,,,1,名詞,一般,*,*,*,*,メッセンジャー,メッセンジャー,
メッセージ,,,1,名詞,一般,*,*,*,*,メッセージ,メッセージ,
メッセージング,,,1,名詞,一般,*,*,*,*,メッセージング,メッセージング,
メディア,,,1,名詞,一般,*,*,*,*,メディア,メディア,
メール,,,1,名詞,一般,*,*,*,*,メール,メール,
メールボックス,,,1,名詞,一般,*,*,*,*,メールボックス,メールボックス,メールボックス
モジュラー,,,1,名詞,一般,*,*,*,*,モジュラー,モジュラー,モジュラー
モバイル,,,1,名詞,一般,*,*,*,*,モバイル,モバイル,
モード,,,1,名詞,一般,*,*,*,*,モード,モード,
ユニット,,,1,名詞,一般,*,*,*,*,ユニット,ユニット,
ユニバーサル,,,1,名詞,一般,*,*,*,*,ユニバーサル,ユニバーサル,
ユニリンガル,,,1,名詞,一般,*,*,*,*,ユニリンガル,ユニリンガル,
ユーザー,,,1,名詞,一般,*,*,*,*,ユーザー,ユーザー,
ユーザーズ,,,1,名詞,一般,*,*,*,*,ユーザーズ,ユーザーズ,
ユーティリティ,,,1,名詞,一般,*,*,*,*,ユーティリティ,ユーティリティ,
ライセンス,,,1,名詞,一般,*,*,*,*,ライセンス,ライセンス,
ライブラリ,,,1,名詞,一般,*,*,*,*,ライブラリ,ライブラリ,
ランタイム,,,1,名詞,一般,*,*,*,*,ランタイム,ランタイム,ランタイム
リカバリ,,,1,名詞,一般,*,*,*,*,リカバリ,リカバリ,
リスク,,,1,名詞,一般,*,*,*,*,リスク,リスク,
リスト,,,1,名詞,一般,*,*,*,*,リスト,リスト,
リストア,,,1,名詞,一般,*,*,*,*,リストア,リストア,
リダイレクト,,,1,名詞,一般,*,*,*,*,リダイレクト,リダイレクト,
リッチテキスト,,,1,名詞,一般,*,*,*,*,リッチテキスト,リッチテキスト,
リバース,,,1,名詞,一般,*,*,*,*,リバース,リバース,
リビジョン,,,1,名詞,一般,*,*,*,*,リビジョン,リビジョン,リビジョン
リファレンス,,,1,名詞,一般,*,*,*,*,リファレンス,リファレンス,
リブート,,,1,名詞,一般,*,*,*,*,リブート,リブート,リブート
リポジトリ,,,1,名詞,一般,*,*,*,*,リポジトリ,リポジトリ,
リムーバブル,,,1,名詞,一般,*,*,*,*,リムーバブル,リムーバブル,
リモート,,,1,名詞,一般,*,*,*,*,リモート,リモート,
リリース,,,1,名詞,一般,*,*,*,*,リリース,リリース,
ルックアップ,,,1,名詞,一般,*,*,*,*,ルックアップ,ルックアップ,
ルータ,,,1,名詞,一般,*,*,*,*,ルータ,ルータ,ルータ
ルーター,,,1,名詞,一般,*,*,*,*,ルーター,ルーター,
ルール,,,1,名詞,一般,*,*,*,*,ルール,ルール,
レイアウト,,,1,名詞,一般,*,*,*,*,レイアウト,レイアウト,
レイヤー,,,1,名詞,一般,*,*,*,*,レイヤー,レイヤー,レイヤー
レイヤード,,,1,名詞,一般,*,*,*,*,レイヤード,レイヤード,レイヤード
レガシー,,,1,名詞,一般,*,*,*,*,レガシー,レガシー,
レジストリ,,,1,名詞,一般,*,*,*,*,レジストリ,レジストリ,
レスポンス,,,1,名詞,一般,*,*,*,*,レスポンス,レスポンス,
レプリカ,,,1,名詞,一般,*,*,*,*,レプリカ,レプリカ,
レプリケーション,,,1,名詞,一般,*,*,*,*,レプリケーション,レプリケーション,
ログ,,,1,名詞,一般,*,*,*,*,ログ,ログ,
ログオン,,,1,名詞,一般,*,*,*,*,ログオン,ログオン,ログオン
ロケーション,,,1,名詞,一般,*,*,*,*,ロケーション,ロケーション,
ロックダウン,,,1,名詞,一般,*,*,*,*,ロックダウン,ロックダウン,ロックダウン
ロボット,,,1,名詞,一般,*,*,*,*,ロボット,ロボット,
ローカリゼーション,,,1,名詞,一般,*,*,*,*,ローカリゼーション,ローカリゼーション,
ローカル,,,1,名詞,一般,*,*,*,*,ローカル,ローカル,
ロード,,,1,名詞,一般,*,*,*,*,ロード,ロード,ロード
ローミング,,,1,名詞,一般,*,*,*,*,ローミング,ローミング,
ロールバック,,,1,名詞,一般,*,*,*,*,ロールバック,ロールバック,
ロールフォワード,,,1,名詞,一般,*,*,*,*,ロールフォワード,ロールフォワード,
ワーカー,,,1,名詞,一般,*,*,*,*,ワーカー,ワーカー,ワーカー
ワークフロー,,,1,名詞,一般,*,*,*,*,ワークフロー,ワークフロー,ワークフロー
ワーム,,,1,名詞,一般,*,*,*,*,ワーム,ワーム,
ワールドワイド,,,1,名詞,一般,*,*,*,*,ワールドワイド,ワールドワイド,ワールドワイド
通知名,,,1,名詞,一般,*,*,*,*,通知名,ツウチメイ,ツーチメイ
